"id","date","vaccines","tests","confirmed","recovered","deaths","hosp","vent","icu","population","school_closing","workplace_closing","cancel_events","gatherings_restrictions","transport_closing","stay_home_restrictions","internal_movement_restrictions","international_movement_restrictions","information_campaigns","testing_policy","contact_tracing","stringency_index","iso_alpha_3","iso_alpha_2","iso_numeric","currency","administrative_area_level","administrative_area_level_1","administrative_area_level_2","administrative_area_level_3","latitude","longitude","key","key_apple_mobility","key_google_mobility"
"USA",2020-03-20,NA,315407,20030,147,367,1042,NA,NA,326687501,3,3,2,2,1,2,2,3,2,3,1,67.13,"USA","US",840,"USN",1,"United States",NA,NA,38,-97,NA,"United States","US"
"USA",2020-03-21,NA,390053,26025,176,466,1492,NA,NA,326687501,3,3,2,4,1,2,2,3,2,3,1,72.69,"USA","US",840,"USN",1,"United States",NA,NA,38,-97,NA,"United States","US"
"USA",2020-03-22,NA,462565,34855,178,576,2173,NA,NA,326687501,3,3,2,4,1,2,2,3,2,3,1,72.69,"USA","US",840,"USN",1,"United States",NA,NA,38,-97,NA,"United States","US"
"USA",2020-03-23,NA,539376,46086,178,763,2812,NA,NA,326687501,3,3,2,4,1,2,2,3,2,3,1,72.69,"USA","US",840,"USN",1,"United States",NA,NA,38,-97,NA,"United States","US"
"USA",2020-03-24,NA,640920,56698,348,1004,3938,NA,NA,326687501,3,3,2,4,1,2,2,3,2,3,1,72.69,"USA","US",840,"USN",1,"United States",NA,NA,38,-97,NA,"United States","US"
"USA",2020-03-25,NA,753048,68773,361,1330,5140,NA,NA,326687501,3,3,2,4,1,2,2,3,2,3,1,72.69,"USA","US",840,"USN",1,"United States",NA,NA,38,-97,NA,"United States","US"
"USA",2020-03-26,NA,880113,86613,681,1742,7805,NA,1299,326687501,3,3,2,4,1,2,2,3,2,3,1,72.69,"USA","US",840,"USN",1,"United States",NA,NA,38,-97,NA,"United States","US"
"USA",2020-03-27,NA,1012647,105293,869,2263,10887,NA,1792,326687501,3,3,2,4,1,2,2,3,2,3,1,72.69,"USA","US",840,"USN",1,"United States",NA,NA,38,-97,NA,"United States","US"
"USA",2020-03-28,NA,1131272,124900,1072,2898,12393,NA,2174,326687501,3,3,2,4,1,2,2,3,2,3,1,72.69,"USA","US",840,"USN",1,"United States",NA,NA,38,-97,NA,"United States","US"
"USA",2020-03-29,NA,1238772,143779,2665,3490,14055,NA,2456,326687501,3,3,2,4,1,2,2,3,2,3,1,72.69,"USA","US",840,"USN",1,"United States",NA,NA,38,-97,NA,"United States","US"
"USA",2020-03-30,NA,1358153,165861,5644,4187,15892,NA,3087,326687501,3,3,2,4,1,2,2,3,2,3,1,72.69,"USA","US",840,"USN",1,"United States",NA,NA,38,-97,NA,"United States","US"
"USA",2020-03-31,NA,1496888,192177,7024,5278,18155,NA,3487,326687501,3,3,2,4,1,2,2,3,2,3,1,72.69,"USA","US",840,"USN",1,"United States",NA,NA,38,-97,NA,"United States","US"
"USA",2020-04-01,NA,1646598,224418,8474,6539,20906,NA,3937,326687501,3,3,2,4,1,2,2,3,2,3,1,72.69,"USA","US",840,"USN",1,"United States",NA,NA,38,-97,NA,"United States","US"
"USA",2020-04-02,NA,1805364,256636,9001,8035,22995,NA,4513,326687501,3,3,2,4,1,2,2,3,2,3,1,72.69,"USA","US",840,"USN",1,"United States",NA,NA,38,-97,NA,"United States","US"
"USA",2020-04-03,NA,1971151,288906,9707,9442,25723,NA,4928,326687501,3,3,2,4,1,2,2,3,2,3,1,72.69,"USA","US",840,"USN",1,"United States",NA,NA,38,-97,NA,"United States","US"
"USA",2020-04-04,NA,2115962,321318,14652,10989,30456,NA,5500,326687501,3,3,2,4,1,2,2,3,2,3,1,72.69,"USA","US",840,"USN",1,"United States",NA,NA,38,-97,NA,"United States","US"
"USA",2020-04-05,NA,2253646,351203,17448,12570,32180,NA,5811,326687501,3,3,2,4,1,2,2,3,2,3,1,72.69,"USA","US",840,"USN",1,"United States",NA,NA,38,-97,NA,"United States","US"
"USA",2020-04-06,NA,2392267,382613,19581,14326,36159,NA,7079,326687501,3,3,2,4,1,2,2,3,2,3,1,72.69,"USA","US",840,"USN",1,"United States",NA,NA,38,-97,NA,"United States","US"
"USA",2020-04-07,NA,2567975,413382,21763,16900,43849,NA,9978,326687501,3,3,2,4,1,2,2,3,2,3,1,72.69,"USA","US",840,"USN",1,"United States",NA,NA,38,-97,NA,"United States","US"
"USA",2020-04-08,NA,2732177,444580,23559,19043,45359,NA,10276,326687501,3,3,2,4,1,2,2,3,2,3,1,72.69,"USA","US",840,"USN",1,"United States",NA,NA,38,-97,NA,"United States","US"
"USA",2020-04-09,NA,2902249,480534,25410,21249,51323,NA,12445,326687501,3,3,2,4,1,2,2,3,2,3,1,72.69,"USA","US",840,"USN",1,"United States",NA,NA,38,-97,NA,"United States","US"
"USA",2020-04-10,NA,3077170,514942,28790,23467,53167,NA,12693,326687501,3,3,2,4,1,2,2,3,2,3,1,72.69,"USA","US",840,"USN",1,"United States",NA,NA,38,-97,NA,"United States","US"
"USA",2020-04-11,NA,3288571,544119,31270,25599,55563,NA,13293,326687501,3,3,2,4,1,2,2,3,2,3,1,72.69,"USA","US",840,"USN",1,"United States",NA,NA,38,-97,NA,"United States","US"
"USA",2020-04-12,NA,3398679,571400,32988,27419,55294,NA,13597,326687501,3,3,2,4,1,2,2,3,2,3,1,72.69,"USA","US",840,"USN",1,"United States",NA,NA,38,-97,NA,"United States","US"
"USA",2020-04-13,NA,3511332,598310,43482,29381,56211,NA,13605,326687501,3,3,2,4,1,2,2,3,2,3,1,72.69,"USA","US",840,"USN",1,"United States",NA,NA,38,-97,NA,"United States","US"
"USA",2020-04-14,NA,3671692,627082,47763,31824,59610,NA,14047,326687501,3,3,2,4,1,2,2,3,2,3,1,72.69,"USA","US",840,"USN",1,"United States",NA,NA,38,-97,NA,"United States","US"
"USA",2020-04-15,NA,3842398,652513,52096,34422,59930,NA,14639,326687501,3,3,2,4,1,2,2,3,2,3,1,72.69,"USA","US",840,"USN",1,"United States",NA,NA,38,-97,NA,"United States","US"
"USA",2020-04-16,NA,4022425,682548,54703,36582,59496,NA,15136,326687501,3,3,2,4,1,2,2,3,2,3,1,72.69,"USA","US",840,"USN",1,"United States",NA,NA,38,-97,NA,"United States","US"
"USA",2020-04-17,NA,4216546,715267,58545,38673,58892,NA,14910,326687501,3,3,2,4,1,2,2,3,2,3,1,72.69,"USA","US",840,"USN",1,"United States",NA,NA,38,-97,NA,"United States","US"
"USA",2020-04-18,NA,4380290,743223,64840,40646,57799,NA,14764,326687501,3,3,2,4,1,2,2,3,2,3,1,72.69,"USA","US",840,"USN",1,"United States",NA,NA,38,-97,NA,"United States","US"
"USA",2020-04-19,NA,4513979,769416,70337,42584,56497,NA,14385,326687501,3,3,2,4,1,2,2,3,2,3,1,72.69,"USA","US",840,"USN",1,"United States",NA,NA,38,-97,NA,"United States","US"
"USA",2020-04-20,NA,4670032,799212,72329,44780,56721,NA,14463,326687501,3,3,2,4,1,2,2,3,2,3,1,72.69,"USA","US",840,"USN",1,"United States",NA,NA,38,-97,NA,"United States","US"
"USA",2020-04-21,NA,4895503,825046,75204,47318,59779,NA,14945,326687501,3,3,2,4,1,2,2,3,2,3,1,72.69,"USA","US",840,"USN",1,"United States",NA,NA,38,-97,NA,"United States","US"
"USA",2020-04-22,NA,5126016,853818,77366,49746,59207,NA,15016,326687501,3,3,2,4,1,2,2,3,2,3,1,72.69,"USA","US",840,"USN",1,"United States",NA,NA,38,-97,NA,"United States","US"
"USA",2020-04-23,NA,5353174,887386,80203,52202,59214,NA,14737,326687501,3,3,2,4,1,2,2,3,2,3,1,72.69,"USA","US",840,"USN",1,"United States",NA,NA,38,-97,NA,"United States","US"
"USA",2020-04-24,NA,5614699,919658,99079,54362,57370,NA,14623,326687501,3,3,2,4,1,2,2,3,2,3,1,72.69,"USA","US",840,"USN",1,"United States",NA,NA,38,-97,NA,"United States","US"
"USA",2020-04-25,NA,5829383,950100,100372,56068,57340,NA,14411,326687501,3,3,2,4,1,2,2,3,2,3,1,72.69,"USA","US",840,"USN",1,"United States",NA,NA,38,-97,NA,"United States","US"
"USA",2020-04-26,NA,5997752,976680,106988,57418,56161,NA,14093,326687501,3,3,2,4,1,2,2,3,2,3,1,72.69,"USA","US",840,"USN",1,"United States",NA,NA,38,-97,NA,"United States","US"
"USA",2020-04-27,NA,6221853,1000298,111424,58882,56183,NA,13812,326687501,3,3,2,4,1,2,2,3,2,3,1,72.69,"USA","US",840,"USN",1,"United States",NA,NA,38,-97,NA,"United States","US"
"USA",2020-04-28,NA,6487803,1024746,115936,61106,56034,NA,13562,326687501,3,3,2,4,1,2,2,3,2,3,1,72.69,"USA","US",840,"USN",1,"United States",NA,NA,38,-97,NA,"United States","US"
"USA",2020-04-29,NA,6778071,1051136,120720,63625,56009,NA,13550,326687501,3,3,2,4,1,2,2,3,2,3,1,72.69,"USA","US",840,"USN",1,"United States",NA,NA,38,-97,NA,"United States","US"
"USA",2020-04-30,NA,7095439,1080303,153947,66028,54905,NA,13246,326687501,3,3,2,4,1,2,2,3,2,3,1,72.69,"USA","US",840,"USN",1,"United States",NA,NA,38,-97,NA,"United States","US"
"USA",2020-05-01,NA,7426839,1115219,164015,67916,54897,NA,12861,326687501,3,3,2,4,1,2,2,3,2,3,1,72.69,"USA","US",840,"USN",1,"United States",NA,NA,38,-97,NA,"United States","US"
"USA",2020-05-02,NA,7690898,1142639,175382,69621,54008,NA,12904,326687501,3,3,2,4,1,2,2,3,2,3,1,72.69,"USA","US",840,"USN",1,"United States",NA,NA,38,-97,NA,"United States","US"
"USA",2020-05-03,NA,7903865,1167095,180152,70739,52623,NA,12724,326687501,3,3,2,4,1,2,2,3,2,3,1,72.69,"USA","US",840,"USN",1,"United States",NA,NA,38,-97,NA,"United States","US"
"USA",2020-05-04,NA,8150433,1191071,187180,72063,52375,NA,12701,326687501,3,3,2,4,1,2,2,3,2,3,1,72.69,"USA","US",840,"USN",1,"United States",NA,NA,38,-97,NA,"United States","US"
"USA",2020-05-05,NA,8466540,1215543,189791,74350,53164,NA,12620,326687501,3,3,2,4,1,2,2,3,2,3,1,72.69,"USA","US",840,"USN",1,"United States",NA,NA,38,-97,NA,"United States","US"
"USA",2020-05-06,NA,8820286,1240053,189910,76699,52609,NA,12480,326687501,3,3,2,4,1,2,2,3,2,3,1,72.69,"USA","US",840,"USN",1,"United States",NA,NA,38,-97,NA,"United States","US"
"USA",2020-05-07,NA,9179690,1267418,195036,78618,51445,NA,12135,326687501,3,3,2,4,1,2,2,3,2,3,1,72.69,"USA","US",840,"USN",1,"United States",NA,NA,38,-97,NA,"United States","US"
"USA",2020-05-08,NA,9574733,1294224,198993,80367,49770,NA,11786,326687501,3,3,2,4,1,2,2,3,2,3,1,72.69,"USA","US",840,"USN",1,"United States",NA,NA,38,-97,NA,"United States","US"
"USA",2020-05-09,NA,9898714,1319414,212534,81899,48581,NA,11504,326687501,3,3,2,4,1,2,2,3,2,3,1,72.69,"USA","US",840,"USN",1,"United States",NA,NA,38,-97,NA,"United States","US"
"USA",2020-05-10,NA,10139754,1338381,216169,82810,46735,NA,11382,326687501,3,3,2,4,1,2,2,3,2,3,1,72.69,"USA","US",840,"USN",1,"United States",NA,NA,38,-97,NA,"United States","US"
"USA",2020-05-11,NA,10454380,1357566,232733,83810,46550,NA,11153,326687501,3,3,2,4,1,2,2,3,2,3,1,72.69,"USA","US",840,"USN",1,"United States",NA,NA,38,-97,NA,"United States","US"
"USA",2020-05-12,NA,10867495,1380423,230287,85428,47343,NA,11241,326687501,3,3,2,4,1,2,2,3,2,3,1,72.69,"USA","US",840,"USN",1,"United States",NA,NA,38,-97,NA,"United States","US"
"USA",2020-05-13,NA,11312805,1400812,243430,87170,46921,NA,10991,326687501,3,3,2,4,1,2,2,3,2,3,1,72.69,"USA","US",840,"USN",1,"United States",NA,NA,38,-97,NA,"United States","US"
"USA",2020-05-14,NA,11759474,1427725,246414,88951,45923,NA,10655,326687501,3,3,2,4,1,2,2,3,2,3,1,72.69,"USA","US",840,"USN",1,"United States",NA,NA,38,-97,NA,"United States","US"
"USA",2020-05-15,NA,12203230,1452425,250747,90621,44553,NA,10476,326687501,3,3,2,4,1,2,2,3,2,3,1,72.69,"USA","US",840,"USN",1,"United States",NA,NA,38,-97,NA,"United States","US"
"USA",2020-05-16,NA,12562047,1476586,268376,91893,43515,NA,10276,326687501,3,3,2,4,1,2,2,3,2,3,1,72.69,"USA","US",840,"USN",1,"United States",NA,NA,38,-97,NA,"United States","US"
"USA",2020-05-17,NA,12862610,1495068,272265,92656,42019,NA,9945,326687501,3,3,2,4,1,2,2,3,2,3,1,72.69,"USA","US",840,"USN",1,"United States",NA,NA,38,-97,NA,"United States","US"
"USA",2020-05-18,NA,13210556,1517302,283178,93832,41940,NA,9748,326687501,3,3,2,4,1,2,2,3,2,3,1,72.69,"USA","US",840,"USN",1,"United States",NA,NA,38,-97,NA,"United States","US"
"USA",2020-05-19,NA,13636728,1538241,289392,95333,42023,NA,9598,326687501,3,3,2,4,1,2,2,3,2,3,1,72.69,"USA","US",840,"USN",1,"United States",NA,NA,38,-97,NA,"United States","US"
"USA",2020-05-20,NA,14092816,1560975,294312,96848,41856,NA,9522,326687501,3,3,2,4,1,2,2,3,2,3,1,72.69,"USA","US",840,"USN",1,"United States",NA,NA,38,-97,NA,"United States","US"
"USA",2020-05-21,NA,14548720,1586662,298418,98055,41359,NA,9092,326687501,3,3,2,4,1,2,2,3,2,3,1,72.69,"USA","US",840,"USN",1,"United States",NA,NA,38,-97,NA,"United States","US"
"USA",2020-05-22,NA,15033595,1610252,350135,99300,40008,NA,9042,326687501,3,3,2,4,1,2,2,3,2,3,1,72.69,"USA","US",840,"USN",1,"United States",NA,NA,38,-97,NA,"United States","US"
"USA",2020-05-23,NA,15417255,1631496,361239,100447,38625,NA,8739,326687501,3,3,2,4,1,2,2,3,2,3,1,72.69,"USA","US",840,"USN",1,"United States",NA,NA,38,-97,NA,"United States","US"
"USA",2020-05-24,NA,15759090,1651676,366736,101055,37742,NA,8491,326687501,3,3,2,4,1,2,2,3,2,3,1,72.69,"USA","US",840,"USN",1,"United States",NA,NA,38,-97,NA,"United States","US"
"USA",2020-05-25,NA,16093344,1670442,379157,101614,37703,NA,8467,326687501,3,3,2,4,1,2,2,3,2,3,1,72.69,"USA","US",840,"USN",1,"United States",NA,NA,38,-97,NA,"United States","US"
"USA",2020-05-26,NA,16549488,1689948,384902,102277,37751,NA,8580,326687501,3,3,2,4,1,2,2,3,2,3,1,72.69,"USA","US",840,"USN",1,"United States",NA,NA,38,-97,NA,"United States","US"
"USA",2020-05-27,NA,17102412,1708342,391508,103777,38300,NA,8552,326687501,3,3,2,4,1,2,2,3,2,3,1,72.69,"USA","US",840,"USN",1,"United States",NA,NA,38,-97,NA,"United States","US"
"USA",2020-05-28,NA,17636053,1730551,399991,104944,38000,NA,8392,326687501,3,3,2,4,1,2,2,3,2,3,1,72.69,"USA","US",840,"USN",1,"United States",NA,NA,38,-97,NA,"United States","US"
"USA",2020-05-29,NA,18173634,1755010,406446,106111,36942,NA,8170,326687501,3,3,2,4,1,2,2,3,2,3,1,72.69,"USA","US",840,"USN",1,"United States",NA,NA,38,-97,NA,"United States","US"
"USA",2020-05-30,NA,18626566,1778689,416461,107061,35759,NA,7960,326687501,3,3,2,4,1,2,2,3,2,3,1,72.69,"USA","US",840,"USN",1,"United States",NA,NA,38,-97,NA,"United States","US"
"USA",2020-05-31,NA,18998756,1797763,444758,107755,34925,NA,7625,326687501,3,3,2,4,1,2,2,3,2,3,1,72.69,"USA","US",840,"USN",1,"United States",NA,NA,38,-97,NA,"United States","US"
"USA",2020-06-01,NA,19435246,1815200,458231,108536,34325,NA,7592,326687501,3,3,2,4,1,2,2,3,2,3,1,72.69,"USA","US",840,"USN",1,"United States",NA,NA,38,-97,NA,"United States","US"
"USA",2020-06-02,NA,19957991,1836574,463868,109576,33956,NA,7410,326687501,3,3,2,4,1,2,2,3,2,3,1,72.69,"USA","US",840,"USN",1,"United States",NA,NA,38,-97,NA,"United States","US"
"USA",2020-06-03,NA,20545094,1856276,479258,110570,33227,NA,7229,326687501,3,3,2,4,1,2,2,3,2,3,1,72.69,"USA","US",840,"USN",1,"United States",NA,NA,38,-97,NA,"United States","US"
"USA",2020-06-04,NA,21165266,1877823,485002,111588,32802,NA,7044,326687501,3,3,2,4,1,2,2,3,2,3,1,72.69,"USA","US",840,"USN",1,"United States",NA,NA,38,-97,NA,"United States","US"
"USA",2020-06-05,NA,21739904,1903298,491706,112476,32502,NA,6921,326687501,3,3,2,4,1,2,2,3,2,3,1,72.69,"USA","US",840,"USN",1,"United States",NA,NA,38,-97,NA,"United States","US"
"USA",2020-06-06,NA,22206182,1924571,500849,113179,31994,NA,6762,326687501,3,3,2,4,1,2,2,3,2,3,1,72.69,"USA","US",840,"USN",1,"United States",NA,NA,38,-97,NA,"United States","US"
"USA",2020-06-07,NA,22611939,1942472,506367,113629,31490,NA,6501,326687501,3,3,2,4,1,2,2,3,2,3,1,72.69,"USA","US",840,"USN",1,"United States",NA,NA,38,-97,NA,"United States","US"
"USA",2020-06-08,NA,23061714,1959988,518522,114136,31105,NA,6398,326687501,3,3,2,4,1,2,2,3,2,3,1,72.69,"USA","US",840,"USN",1,"United States",NA,NA,38,-97,NA,"United States","US"
"USA",2020-06-09,NA,23621569,1978167,524855,115057,31179,NA,6453,326687501,3,3,2,4,1,2,2,3,2,3,1,72.69,"USA","US",840,"USN",1,"United States",NA,NA,38,-97,NA,"United States","US"
"USA",2020-06-10,NA,24249163,1999178,533504,115950,30961,NA,6256,326687501,3,3,2,4,1,2,2,3,2,3,1,72.69,"USA","US",840,"USN",1,"United States",NA,NA,38,-97,NA,"United States","US"
"USA",2020-06-11,NA,24858758,2022249,540292,116803,29850,NA,6075,326687501,3,3,2,4,1,2,2,3,2,3,1,72.69,"USA","US",840,"USN",1,"United States",NA,NA,38,-97,NA,"United States","US"
"USA",2020-06-12,NA,25473943,2046987,547386,117621,29306,NA,6009,326687501,3,3,2,4,1,2,2,3,2,3,1,72.69,"USA","US",840,"USN",1,"United States",NA,NA,38,-97,NA,"United States","US"
"USA",2020-06-13,NA,26003672,2072111,556606,118393,28578,NA,5883,326687501,3,3,2,4,1,2,2,3,2,3,1,72.69,"USA","US",840,"USN",1,"United States",NA,NA,38,-97,NA,"United States","US"
"USA",2020-06-14,NA,26416015,2091205,561816,118708,28020,NA,5749,326687501,3,3,2,4,1,2,2,3,2,3,1,72.69,"USA","US",840,"USN",1,"United States",NA,NA,38,-97,NA,"United States","US"
"USA",2020-06-15,NA,26920917,2110841,576334,119095,28034,NA,5700,326687501,3,2,2,4,1,2,2,3,2,3,1,68.98,"USA","US",840,"USN",1,"United States",NA,NA,38,-97,NA,"United States","US"
"USA",2020-06-16,NA,27593720,2134198,583503,119916,28370,NA,5570,326687501,3,2,2,4,1,2,2,3,2,3,1,68.98,"USA","US",840,"USN",1,"United States",NA,NA,38,-97,NA,"United States","US"
"USA",2020-06-17,NA,28298494,2160815,592191,120657,28647,NA,5608,326687501,3,2,2,4,1,2,2,3,2,3,1,68.98,"USA","US",840,"USN",1,"United States",NA,NA,38,-97,NA,"United States","US"
"USA",2020-06-18,NA,28999172,2188746,599115,121346,28538,NA,5472,326687501,3,2,2,4,1,2,2,3,2,3,1,68.98,"USA","US",840,"USN",1,"United States",NA,NA,38,-97,NA,"United States","US"
"USA",2020-06-19,NA,29702838,2219943,606715,122008,28693,NA,5337,326687501,3,2,2,4,1,2,2,3,2,3,1,68.98,"USA","US",840,"USN",1,"United States",NA,NA,38,-97,NA,"United States","US"
"USA",2020-06-20,NA,30286400,2252125,617460,122613,28084,NA,5229,326687501,3,2,2,4,1,2,2,3,2,3,1,68.98,"USA","US",840,"USN",1,"United States",NA,NA,38,-97,NA,"United States","US"
"USA",2020-06-21,NA,30710003,2277398,622133,122912,28325,NA,5195,326687501,3,2,2,4,1,2,2,3,2,3,1,68.98,"USA","US",840,"USN",1,"United States",NA,NA,38,-97,NA,"United States","US"
"USA",2020-06-22,NA,31252503,2308786,640198,123301,28963,NA,5325,326687501,3,2,2,4,1,2,2,3,2,3,1,68.98,"USA","US",840,"USN",1,"United States",NA,NA,38,-97,NA,"United States","US"
"USA",2020-06-23,NA,31952713,2344930,647548,124142,30355,NA,5392,326687501,3,2,2,4,1,2,2,3,2,3,1,68.98,"USA","US",840,"USN",1,"United States",NA,NA,38,-97,NA,"United States","US"
"USA",2020-06-24,NA,32718319,2379799,656161,124899,31270,NA,5292,326687501,3,2,2,4,1,2,2,3,2,3,1,68.98,"USA","US",840,"USN",1,"United States",NA,NA,38,-97,NA,"United States","US"
"USA",2020-06-25,NA,33491727,2419613,663562,125441,31922,NA,5319,326687501,3,2,2,4,1,2,2,3,2,3,1,68.98,"USA","US",840,"USN",1,"United States",NA,NA,38,-97,NA,"United States","US"
"USA",2020-06-26,NA,34297817,2465116,670809,126070,31850,NA,5290,326687501,3,2,2,4,1,2,2,3,2,3,1,68.98,"USA","US",840,"USN",1,"United States",NA,NA,38,-97,NA,"United States","US"
"USA",2020-06-27,NA,34991394,2506339,679308,126578,32566,NA,5314,326687501,3,2,2,4,1,2,2,3,2,3,1,68.98,"USA","US",840,"USN",1,"United States",NA,NA,38,-97,NA,"United States","US"
"USA",2020-06-28,NA,35556554,2546782,685164,126870,32575,NA,5252,326687501,3,2,2,4,1,2,2,3,2,3,1,68.98,"USA","US",840,"USN",1,"United States",NA,NA,38,-97,NA,"United States","US"
"USA",2020-06-29,NA,36215354,2587430,705203,127261,33742,NA,5389,326687501,3,2,2,4,1,2,2,3,2,3,1,68.98,"USA","US",840,"USN",1,"United States",NA,NA,38,-97,NA,"United States","US"
"USA",2020-06-30,NA,37067072,2633466,720631,127893,35337,NA,5426,326687501,3,2,2,4,1,2,2,3,2,3,1,68.98,"USA","US",840,"USN",1,"United States",NA,NA,38,-97,NA,"United States","US"
"USA",2020-07-01,NA,37943102,2684885,729994,128590,36526,NA,5492,326687501,3,2,2,4,1,2,2,3,2,3,1,68.98,"USA","US",840,"USN",1,"United States",NA,NA,38,-97,NA,"United States","US"
"USA",2020-07-02,NA,38791021,2741180,781970,129323,37646,NA,5636,326687501,3,2,2,4,1,2,2,3,2,3,1,68.98,"USA","US",840,"USN",1,"United States",NA,NA,38,-97,NA,"United States","US"
"USA",2020-07-03,NA,39578200,2792300,790404,129985,37927,NA,5597,326687501,3,2,2,4,1,2,2,3,2,3,1,68.98,"USA","US",840,"USN",1,"United States",NA,NA,38,-97,NA,"United States","US"
"USA",2020-07-04,NA,40185513,2838085,894325,130278,38281,NA,5633,326687501,3,2,2,4,1,2,2,3,2,3,1,68.98,"USA","US",840,"USN",1,"United States",NA,NA,38,-97,NA,"United States","US"
"USA",2020-07-05,NA,40701737,2889103,906763,130582,38872,NA,5653,326687501,3,2,2,4,1,2,2,3,2,3,1,68.98,"USA","US",840,"USN",1,"United States",NA,NA,38,-97,NA,"United States","US"
"USA",2020-07-06,NA,41415190,2932001,924148,130945,39960,NA,5678,326687501,3,2,2,4,1,2,2,3,2,3,1,68.98,"USA","US",840,"USN",1,"United States",NA,NA,38,-97,NA,"United States","US"
"USA",2020-07-07,NA,42299535,2992598,936476,132145,41949,NA,5838,326687501,3,2,2,4,1,2,2,3,2,3,1,68.98,"USA","US",840,"USN",1,"United States",NA,NA,38,-97,NA,"United States","US"
"USA",2020-07-08,NA,43266252,3052898,953462,133002,43207,NA,5872,326687501,3,2,2,4,1,2,2,3,2,3,1,68.98,"USA","US",840,"USN",1,"United States",NA,NA,38,-97,NA,"United States","US"
"USA",2020-07-09,NA,44257326,3115732,969111,134007,44051,NA,5843,326687501,3,2,2,4,1,2,2,3,2,3,1,68.98,"USA","US",840,"USN",1,"United States",NA,NA,38,-97,NA,"United States","US"
"USA",2020-07-10,NA,45252711,3183634,983185,134820,51724,NA,5899,326687501,3,2,2,4,1,2,2,3,2,3,1,68.98,"USA","US",840,"USN",1,"United States",NA,NA,38,-97,NA,"United States","US"
"USA",2020-07-11,NA,46079594,3244493,995576,135531,51982,NA,5939,326687501,3,2,2,4,1,2,2,3,2,3,1,68.98,"USA","US",840,"USN",1,"United States",NA,NA,38,-97,NA,"United States","US"
"USA",2020-07-12,NA,46760167,3303223,1006326,135996,52860,NA,5930,326687501,3,2,2,4,1,2,2,3,2,3,1,68.98,"USA","US",840,"USN",1,"United States",NA,NA,38,-97,NA,"United States","US"
"USA",2020-07-13,NA,47611051,3361729,1031939,136423,54118,NA,6063,326687501,3,2,2,4,1,2,2,3,2,3,1,68.98,"USA","US",840,"USN",1,"United States",NA,NA,38,-97,NA,"United States","US"
"USA",2020-07-14,NA,48600741,3429909,1049098,137351,55678,NA,6238,326687501,3,2,2,4,1,2,2,3,2,3,1,68.98,"USA","US",840,"USN",1,"United States",NA,NA,38,-97,NA,"United States","US"
"USA",2020-07-15,NA,49623719,3498016,1075882,138319,56340,NA,6328,326687501,3,2,2,4,1,2,2,3,2,3,1,68.98,"USA","US",840,"USN",1,"United States",NA,NA,38,-97,NA,"United States","US"
"USA",2020-07-16,NA,50630828,3573831,1090645,139281,57602,NA,6349,326687501,3,2,2,4,1,2,2,3,2,3,1,68.98,"USA","US",840,"USN",1,"United States",NA,NA,38,-97,NA,"United States","US"
"USA",2020-07-17,NA,51662400,3645631,1107204,140200,57871,NA,6451,326687501,3,2,2,4,1,2,2,3,2,3,1,68.98,"USA","US",840,"USN",1,"United States",NA,NA,38,-97,NA,"United States","US"
"USA",2020-07-18,NA,52555358,3708311,1122720,141070,57822,NA,6397,326687501,3,2,2,4,1,2,2,3,2,3,1,68.98,"USA","US",840,"USN",1,"United States",NA,NA,38,-97,NA,"United States","US"
"USA",2020-07-19,NA,53260915,3769030,1131121,141540,58052,NA,6384,326687501,3,2,2,4,1,2,2,3,2,3,1,68.98,"USA","US",840,"USN",1,"United States",NA,NA,38,-97,NA,"United States","US"
"USA",2020-07-20,NA,54147994,3831042,1160087,142084,58518,NA,6551,326687501,3,2,2,4,1,1,2,3,2,3,1,67.13,"USA","US",840,"USN",1,"United States",NA,NA,38,-97,NA,"United States","US"
"USA",2020-07-21,NA,55158969,3895883,1182018,143207,59476,NA,6717,326687501,3,2,2,4,1,1,2,3,2,3,1,67.13,"USA","US",840,"USN",1,"United States",NA,NA,38,-97,NA,"United States","US"
"USA",2020-07-22,NA,56249425,3966659,1210849,144425,59758,NA,10460,326687501,3,2,2,4,1,1,2,3,2,3,1,67.13,"USA","US",840,"USN",1,"United States",NA,NA,38,-97,NA,"United States","US"
"USA",2020-07-23,NA,57309550,4035507,1233269,145522,59860,NA,10423,326687501,3,2,2,4,1,1,2,3,2,3,1,67.13,"USA","US",840,"USN",1,"United States",NA,NA,38,-97,NA,"United States","US"
"USA",2020-07-24,NA,58358719,4108964,1261624,146675,59800,NA,10389,326687501,3,2,2,4,1,1,2,3,2,3,1,67.13,"USA","US",840,"USN",1,"United States",NA,NA,38,-97,NA,"United States","US"
"USA",2020-07-25,NA,59217523,4173928,1279414,147555,59382,NA,10380,326687501,3,2,2,4,1,1,2,3,2,3,1,67.13,"USA","US",840,"USN",1,"United States",NA,NA,38,-97,NA,"United States","US"
"USA",2020-07-26,NA,59878572,4229037,1297863,148076,58731,NA,10353,326687501,3,2,2,4,1,1,2,3,2,3,1,67.13,"USA","US",840,"USN",1,"United States",NA,NA,38,-97,NA,"United States","US"
"USA",2020-07-27,NA,60656255,4285458,1325804,149208,58987,NA,10328,326687501,3,2,2,4,1,1,2,3,2,3,1,67.13,"USA","US",840,"USN",1,"United States",NA,NA,38,-97,NA,"United States","US"
"USA",2020-07-28,NA,61596755,4351764,1355363,150569,57185,NA,10463,326687501,3,2,2,4,1,1,2,3,2,3,1,67.13,"USA","US",840,"USN",1,"United States",NA,NA,38,-97,NA,"United States","US"
"USA",2020-07-29,NA,62611858,4423576,1389425,151991,57422,NA,10535,326687501,3,2,2,4,1,1,2,3,2,3,1,67.13,"USA","US",840,"USN",1,"United States",NA,NA,38,-97,NA,"United States","US"
"USA",2020-07-30,NA,63639091,4491150,1414155,153215,56571,NA,10519,326687501,3,2,2,4,1,1,2,3,2,3,1,67.13,"USA","US",840,"USN",1,"United States",NA,NA,38,-97,NA,"United States","US"
"USA",2020-07-31,NA,64611896,4559806,1438160,154478,55721,NA,10473,326687501,3,2,2,4,1,1,2,3,2,3,1,67.13,"USA","US",840,"USN",1,"United States",NA,NA,38,-97,NA,"United States","US"
"USA",2020-08-01,NA,65388245,4616171,1461885,155574,54554,NA,10450,326687501,3,2,2,4,1,1,2,3,2,3,1,67.13,"USA","US",840,"USN",1,"United States",NA,NA,38,-97,NA,"United States","US"
"USA",2020-08-02,NA,65994709,4662070,1468689,155988,54106,NA,10415,326687501,3,2,2,4,1,1,2,3,2,3,1,67.13,"USA","US",840,"USN",1,"United States",NA,NA,38,-97,NA,"United States","US"
"USA",2020-08-03,NA,66742351,4707671,1513446,156553,53517,NA,10233,326687501,3,2,2,4,1,1,2,3,2,3,1,67.13,"USA","US",840,"USN",1,"United States",NA,NA,38,-97,NA,"United States","US"
"USA",2020-08-04,NA,67600308,4766269,1528979,157910,53436,NA,10207,326687501,3,2,2,4,1,1,2,3,2,3,1,67.13,"USA","US",840,"USN",1,"United States",NA,NA,38,-97,NA,"United States","US"
"USA",2020-08-05,NA,68538739,4820373,1577851,159307,53435,NA,9988,326687501,3,2,2,4,1,1,2,3,2,3,1,67.13,"USA","US",840,"USN",1,"United States",NA,NA,38,-97,NA,"United States","US"
"USA",2020-08-06,NA,69502101,4880058,1598624,160533,53219,NA,9996,326687501,3,2,2,4,1,1,2,3,2,3,1,67.13,"USA","US",840,"USN",1,"United States",NA,NA,38,-97,NA,"United States","US"
"USA",2020-08-07,NA,70491926,4938874,1623870,161766,51327,NA,9698,326687501,3,2,2,4,1,1,2,3,2,3,1,67.13,"USA","US",840,"USN",1,"United States",NA,NA,38,-97,NA,"United States","US"
"USA",2020-08-08,NA,71283529,4993219,1643118,162845,50071,NA,9662,326687501,3,2,2,4,1,1,2,3,2,3,1,67.13,"USA","US",840,"USN",1,"United States",NA,NA,38,-97,NA,"United States","US"
"USA",2020-08-09,NA,71900165,5039240,1656864,163381,48997,NA,9307,326687501,3,2,2,4,1,1,2,3,2,3,1,67.13,"USA","US",840,"USN",1,"United States",NA,NA,38,-97,NA,"United States","US"
"USA",2020-08-10,NA,72660644,5087700,1670755,163934,48751,NA,9209,326687501,3,2,2,4,1,1,2,3,2,3,1,67.13,"USA","US",840,"USN",1,"United States",NA,NA,38,-97,NA,"United States","US"
"USA",2020-08-11,NA,73541206,5134709,1714960,164972,48600,NA,9135,326687501,3,2,2,4,1,1,2,3,2,3,1,67.13,"USA","US",840,"USN",1,"United States",NA,NA,38,-97,NA,"United States","US"
"USA",2020-08-12,NA,74536279,5191589,1753760,166484,48067,NA,9564,326687501,3,2,2,4,1,1,2,3,2,3,1,67.13,"USA","US",840,"USN",1,"United States",NA,NA,38,-97,NA,"United States","US"
"USA",2020-08-13,NA,75491646,5243537,1774648,167543,47303,NA,9480,326687501,3,2,2,4,1,1,2,3,2,3,1,67.13,"USA","US",840,"USN",1,"United States",NA,NA,38,-97,NA,"United States","US"
"USA",2020-08-14,NA,76435835,5309325,1796326,168875,45868,NA,9277,326687501,3,2,2,4,1,1,2,3,2,3,1,67.13,"USA","US",840,"USN",1,"United States",NA,NA,38,-97,NA,"United States","US"
"USA",2020-08-15,NA,77187052,5356189,1818527,169905,44922,NA,9087,326687501,3,2,2,4,1,1,2,3,2,3,1,67.13,"USA","US",840,"USN",1,"United States",NA,NA,38,-97,NA,"United States","US"
"USA",2020-08-16,NA,77740096,5395917,1833067,170482,44155,NA,8958,326687501,3,2,2,4,1,1,2,3,2,3,1,67.13,"USA","US",840,"USN",1,"United States",NA,NA,38,-97,NA,"United States","US"
"USA",2020-08-17,NA,78397981,5432544,1865580,170940,43614,NA,8881,326687501,3,2,2,4,1,1,2,3,2,3,1,67.13,"USA","US",840,"USN",1,"United States",NA,NA,38,-97,NA,"United States","US"
"USA",2020-08-18,NA,79277351,5477609,1898159,172242,43840,NA,8859,326687501,3,2,2,4,1,1,2,3,2,3,1,67.13,"USA","US",840,"USN",1,"United States",NA,NA,38,-97,NA,"United States","US"
"USA",2020-08-19,NA,80252842,5525022,1925049,173561,43406,NA,8747,326687501,3,2,2,4,1,1,2,3,2,3,1,67.13,"USA","US",840,"USN",1,"United States",NA,NA,38,-97,NA,"United States","US"
"USA",2020-08-20,NA,81225613,5568994,1947035,174644,42109,NA,8486,326687501,3,2,2,4,1,1,2,3,2,3,1,67.13,"USA","US",840,"USN",1,"United States",NA,NA,38,-97,NA,"United States","US"
"USA",2020-08-21,NA,82163824,5617797,1965056,175736,41049,NA,8358,326687501,3,2,2,4,1,1,2,3,2,3,1,67.13,"USA","US",840,"USN",1,"United States",NA,NA,38,-97,NA,"United States","US"
"USA",2020-08-22,NA,82939732,5661206,1985484,176706,40017,NA,8207,326687501,3,2,2,4,1,1,2,3,2,3,1,67.13,"USA","US",840,"USN",1,"United States",NA,NA,38,-97,NA,"United States","US"
"USA",2020-08-23,NA,83488580,5695539,1997761,177164,39064,NA,7949,326687501,3,2,2,4,1,1,2,3,2,3,1,67.13,"USA","US",840,"USN",1,"United States",NA,NA,38,-97,NA,"United States","US"
"USA",2020-08-24,NA,84137347,5732271,2020774,177617,38806,NA,7854,326687501,3,2,2,4,1,1,2,3,2,3,1,67.13,"USA","US",840,"USN",1,"United States",NA,NA,38,-97,NA,"United States","US"
"USA",2020-08-25,NA,85016797,5772465,2053699,178832,38831,NA,7854,326687501,3,2,2,4,1,1,2,3,2,3,1,67.13,"USA","US",840,"USN",1,"United States",NA,NA,38,-97,NA,"United States","US"
"USA",2020-08-26,NA,86006220,5817972,2084465,180059,38515,NA,7742,326687501,3,2,2,4,1,1,2,3,2,3,1,67.13,"USA","US",840,"USN",1,"United States",NA,NA,38,-97,NA,"United States","US"
"USA",2020-08-27,NA,86998981,5863269,2101326,181159,37498,NA,7712,326687501,3,2,2,4,1,1,2,3,2,3,1,67.13,"USA","US",840,"USN",1,"United States",NA,NA,38,-97,NA,"United States","US"
"USA",2020-08-28,NA,87957183,5910346,2118367,182123,37356,NA,7564,326687501,3,2,2,4,1,1,2,3,2,3,1,67.13,"USA","US",840,"USN",1,"United States",NA,NA,38,-97,NA,"United States","US"
"USA",2020-08-29,NA,88735888,5953316,2140614,183021,36516,NA,7413,326687501,3,2,2,4,1,1,2,3,2,3,1,67.13,"USA","US",840,"USN",1,"United States",NA,NA,38,-97,NA,"United States","US"
"USA",2020-08-30,NA,89343168,5987929,2153939,183464,35801,NA,7268,326687501,3,2,2,4,1,1,2,3,2,3,1,67.13,"USA","US",840,"USN",1,"United States",NA,NA,38,-97,NA,"United States","US"
"USA",2020-08-31,NA,89991539,6023258,2184825,184003,35453,NA,7047,326687501,3,2,2,4,1,1,2,3,2,3,1,67.13,"USA","US",840,"USN",1,"United States",NA,NA,38,-97,NA,"United States","US"
"USA",2020-09-01,NA,90873153,6064969,2202663,185053,35338,NA,7084,326687501,3,2,2,4,1,1,2,3,2,3,1,67.13,"USA","US",840,"USN",1,"United States",NA,NA,38,-97,NA,"United States","US"
"USA",2020-09-02,NA,91865692,6106038,2231757,186098,35660,NA,7091,326687501,3,2,2,4,1,1,2,3,2,3,1,67.13,"USA","US",840,"USN",1,"United States",NA,NA,38,-97,NA,"United States","US"
"USA",2020-09-03,NA,92870742,6149894,2266957,187156,34753,NA,6923,326687501,3,2,2,4,1,1,2,3,2,3,1,67.13,"USA","US",840,"USN",1,"United States",NA,NA,38,-97,NA,"United States","US"
"USA",2020-09-04,NA,93905449,6200210,2283454,188116,34177,NA,6922,326687501,3,2,2,4,1,1,2,3,2,3,1,67.13,"USA","US",840,"USN",1,"United States",NA,NA,38,-97,NA,"United States","US"
"USA",2020-09-05,NA,94698129,6243352,2302187,188890,33626,NA,6766,326687501,3,2,2,4,1,1,2,3,2,3,1,67.13,"USA","US",840,"USN",1,"United States",NA,NA,38,-97,NA,"United States","US"
"USA",2020-09-06,NA,95252832,6274812,2315995,189303,32497,NA,6700,326687501,3,2,2,4,1,1,2,3,2,3,1,67.13,"USA","US",840,"USN",1,"United States",NA,NA,38,-97,NA,"United States","US"
"USA",2020-09-07,NA,95656817,6298337,2333551,189589,32116,NA,6630,326687501,3,2,2,4,1,1,2,3,2,3,1,67.13,"USA","US",840,"USN",1,"United States",NA,NA,38,-97,NA,"United States","US"
"USA",2020-09-08,NA,96298484,6325681,2359111,190043,32339,NA,6543,326687501,3,2,2,4,1,1,2,3,2,3,1,67.13,"USA","US",840,"USN",1,"United States",NA,NA,38,-97,NA,"United States","US"
"USA",2020-09-09,NA,97220542,6359446,2387479,191200,32653,NA,6659,326687501,3,2,2,4,1,1,2,3,2,3,1,67.13,"USA","US",840,"USN",1,"United States",NA,NA,38,-97,NA,"United States","US"
"USA",2020-09-10,NA,98276735,6395602,2403511,192116,32521,NA,6522,326687501,3,2,2,4,1,1,2,3,2,3,1,67.13,"USA","US",840,"USN",1,"United States",NA,NA,38,-97,NA,"United States","US"
"USA",2020-09-11,NA,99345174,6443198,2417878,193312,31530,NA,6376,326687501,3,2,2,4,1,1,2,3,2,3,1,67.13,"USA","US",840,"USN",1,"United States",NA,NA,38,-97,NA,"United States","US"
"USA",2020-09-12,NA,100189179,6484318,2434658,194031,30758,NA,6451,326687501,3,2,2,3,1,1,2,3,2,3,1,62.5,"USA","US",840,"USN",1,"United States",NA,NA,38,-97,NA,"United States","US"
"USA",2020-09-13,NA,100803779,6518685,2451406,194427,29921,NA,6233,326687501,3,2,2,3,1,1,2,3,2,3,1,62.5,"USA","US",840,"USN",1,"United States",NA,NA,38,-97,NA,"United States","US"
"USA",2020-09-14,NA,101493765,6552844,2474570,194841,30071,NA,6249,326687501,3,2,2,3,1,1,2,3,2,3,1,62.5,"USA","US",840,"USN",1,"United States",NA,NA,38,-97,NA,"United States","US"
"USA",2020-09-15,NA,102455906,6592244,2495127,196127,30427,NA,6308,326687501,3,2,2,3,1,1,2,3,2,3,1,62.5,"USA","US",840,"USN",1,"United States",NA,NA,38,-97,NA,"United States","US"
"USA",2020-09-16,NA,103566682,6630740,2525573,197110,30345,NA,6303,326687501,3,2,2,3,1,1,2,3,2,3,1,62.5,"USA","US",840,"USN",1,"United States",NA,NA,38,-97,NA,"United States","US"
"USA",2020-09-17,NA,104685922,6675875,2540334,197974,30035,NA,6285,326687501,3,2,2,3,1,1,2,3,2,3,1,62.5,"USA","US",840,"USN",1,"United States",NA,NA,38,-97,NA,"United States","US"
"USA",2020-09-18,NA,105877233,6725049,2556465,198892,29651,NA,6175,326687501,3,2,2,3,1,1,2,3,2,3,1,62.5,"USA","US",840,"USN",1,"United States",NA,NA,38,-97,NA,"United States","US"
"USA",2020-09-19,NA,106785292,6767272,2577446,199605,29185,NA,6163,326687501,3,2,2,3,1,1,2,3,2,3,1,62.5,"USA","US",840,"USN",1,"United States",NA,NA,38,-97,NA,"United States","US"
"USA",2020-09-20,NA,107393052,6805666,2590671,199855,28724,NA,6100,326687501,3,2,2,3,1,1,2,3,2,3,1,62.5,"USA","US",840,"USN",1,"United States",NA,NA,38,-97,NA,"United States","US"
"USA",2020-09-21,NA,108118809,6857454,2615949,200282,28849,NA,6138,326687501,3,2,2,3,1,1,2,3,2,3,1,62.5,"USA","US",840,"USN",1,"United States",NA,NA,38,-97,NA,"United States","US"
"USA",2020-09-22,NA,109111300,6897006,2646959,201298,29645,NA,6188,326687501,3,2,2,3,1,1,2,3,2,3,1,62.5,"USA","US",840,"USN",1,"United States",NA,NA,38,-97,NA,"United States","US"
"USA",2020-09-23,NA,110273254,6935883,2670256,202379,30015,NA,6200,326687501,3,2,2,3,1,1,2,3,2,3,1,62.5,"USA","US",840,"USN",1,"United States",NA,NA,38,-97,NA,"United States","US"
"USA",2020-09-24,NA,111435892,6982669,2710183,203303,30159,NA,6274,326687501,3,2,2,3,1,1,2,3,2,3,1,62.5,"USA","US",840,"USN",1,"United States",NA,NA,38,-97,NA,"United States","US"
"USA",2020-09-25,NA,112530022,7030827,2727335,204231,29888,NA,6220,326687501,3,2,2,3,1,1,2,3,2,3,1,62.5,"USA","US",840,"USN",1,"United States",NA,NA,38,-97,NA,"United States","US"
"USA",2020-09-26,NA,113437068,7075478,2750459,204986,29670,NA,6143,326687501,3,2,2,3,1,1,2,3,2,3,1,62.5,"USA","US",840,"USN",1,"United States",NA,NA,38,-97,NA,"United States","US"
"USA",2020-09-27,NA,114018776,7113140,2766280,205277,29579,NA,6170,326687501,3,2,2,3,1,1,2,3,2,3,1,62.5,"USA","US",840,"USN",1,"United States",NA,NA,38,-97,NA,"United States","US"
"USA",2020-09-28,NA,114664356,7146213,2794608,205612,29696,NA,6048,326687501,3,2,2,3,1,1,2,3,2,3,1,62.5,"USA","US",840,"USN",1,"United States",NA,NA,38,-97,NA,"United States","US"
"USA",2020-09-29,NA,115624950,7189259,2813305,206490,30601,NA,6172,326687501,3,2,2,3,1,1,2,3,2,3,1,62.5,"USA","US",840,"USN",1,"United States",NA,NA,38,-97,NA,"United States","US"
"USA",2020-09-30,NA,116803852,7228526,2840688,207436,31021,NA,6241,326687501,3,2,2,3,1,1,2,3,2,3,1,62.5,"USA","US",840,"USN",1,"United States",NA,NA,38,-97,NA,"United States","US"
"USA",2020-10-01,NA,117987173,7274067,2860650,208289,30942,NA,6262,326687501,3,2,2,3,1,1,2,3,2,3,1,62.5,"USA","US",840,"USN",1,"United States",NA,NA,38,-97,NA,"United States","US"
"USA",2020-10-02,NA,119143594,7328822,2873369,209216,30880,NA,6195,326687501,3,2,2,3,1,1,2,3,2,3,1,62.5,"USA","US",840,"USN",1,"United States",NA,NA,38,-97,NA,"United States","US"
"USA",2020-10-03,NA,120093826,7377524,2897322,209903,30209,NA,6073,326687501,3,2,2,3,1,1,2,3,2,3,1,62.5,"USA","US",840,"USN",1,"United States",NA,NA,38,-97,NA,"United States","US"
"USA",2020-10-04,NA,120725284,7413454,2911699,210260,30063,NA,6056,326687501,3,2,2,3,1,1,2,3,2,3,1,62.5,"USA","US",840,"USN",1,"United States",NA,NA,38,-97,NA,"United States","US"
"USA",2020-10-05,NA,121512282,7452759,2935142,210722,31426,NA,6292,326687501,3,2,2,3,1,1,2,3,2,3,1,62.5,"USA","US",840,"USN",1,"United States",NA,NA,38,-97,NA,"United States","US"
"USA",2020-10-06,NA,122710819,7497679,2952390,211424,32726,NA,6490,326687501,3,2,2,3,1,1,2,3,2,3,1,62.5,"USA","US",840,"USN",1,"United States",NA,NA,38,-97,NA,"United States","US"
"USA",2020-10-07,NA,124079450,7548496,2999895,212338,33565,NA,6591,326687501,3,2,2,3,1,1,2,3,2,3,1,62.5,"USA","US",840,"USN",1,"United States",NA,NA,38,-97,NA,"United States","US"
"USA",2020-10-08,NA,125463271,7606852,3021252,213306,34446,NA,6694,326687501,3,2,2,3,1,1,2,3,2,3,1,62.5,"USA","US",840,"USN",1,"United States",NA,NA,38,-97,NA,"United States","US"
"USA",2020-10-09,NA,126815001,7663065,3039089,214264,34974,NA,6775,326687501,3,2,2,3,1,1,2,3,2,3,1,62.5,"USA","US",840,"USN",1,"United States",NA,NA,38,-97,NA,"United States","US"
"USA",2020-10-10,NA,127885277,7718042,3062983,214899,34700,NA,6752,326687501,3,2,2,3,1,1,2,3,2,3,1,62.5,"USA","US",840,"USN",1,"United States",NA,NA,38,-97,NA,"United States","US"
"USA",2020-10-11,NA,128617547,7764068,3075077,215328,34609,NA,6749,326687501,3,2,2,3,1,1,2,3,2,3,1,62.5,"USA","US",840,"USN",1,"United States",NA,NA,38,-97,NA,"United States","US"
"USA",2020-10-12,NA,129401856,7805771,3106728,215680,35148,NA,6860,326687501,3,2,2,3,1,1,2,3,2,3,1,62.5,"USA","US",840,"USN",1,"United States",NA,NA,38,-97,NA,"United States","US"
"USA",2020-10-13,NA,130431895,7857769,3124593,216466,36171,NA,7104,326687501,3,2,2,3,1,2,2,3,2,3,1,66.2,"USA","US",840,"USN",1,"United States",NA,NA,38,-97,NA,"United States","US"
"USA",2020-10-14,NA,131624092,7917339,3155794,217461,37184,NA,7236,326687501,3,2,2,3,1,2,2,3,2,3,1,66.2,"USA","US",840,"USN",1,"United States",NA,NA,38,-97,NA,"United States","US"
"USA",2020-10-15,NA,132871210,7982002,3177397,218274,37423,NA,7303,326687501,3,2,2,3,1,2,2,3,2,3,1,66.2,"USA","US",840,"USN",1,"United States",NA,NA,38,-97,NA,"United States","US"
"USA",2020-10-16,NA,134155935,8050927,3197539,219177,37479,NA,7333,326687501,3,2,2,3,1,2,2,3,2,3,1,66.2,"USA","US",840,"USN",1,"United States",NA,NA,38,-97,NA,"United States","US"
"USA",2020-10-17,NA,135235678,8107514,3220573,219931,37474,NA,7466,326687501,3,2,2,3,1,2,2,3,2,3,1,66.2,"USA","US",840,"USN",1,"United States",NA,NA,38,-97,NA,"United States","US"
"USA",2020-10-18,NA,135985282,8156897,3234138,220377,36536,NA,7383,326687501,3,2,2,3,1,2,2,3,2,3,1,66.2,"USA","US",840,"USN",1,"United States",NA,NA,38,-97,NA,"United States","US"
"USA",2020-10-19,NA,136825018,8224529,3272603,220840,37976,NA,8063,326687501,3,2,2,3,1,2,2,3,2,3,1,66.2,"USA","US",840,"USN",1,"United States",NA,NA,38,-97,NA,"United States","US"
"USA",2020-10-20,NA,138053650,8286333,3295148,221758,39391,NA,8206,326687501,3,2,2,3,1,2,2,3,2,3,1,66.2,"USA","US",840,"USN",1,"United States",NA,NA,38,-97,NA,"United States","US"
"USA",2020-10-21,NA,139477588,8349392,3323354,222920,40397,NA,8291,326687501,3,2,2,3,1,2,2,3,2,3,1,66.2,"USA","US",840,"USN",1,"United States",NA,NA,38,-97,NA,"United States","US"
"USA",2020-10-22,NA,140957492,8425524,3353056,223789,41114,NA,8180,326687501,3,2,2,3,1,2,2,3,2,3,1,66.2,"USA","US",840,"USN",1,"United States",NA,NA,38,-97,NA,"United States","US"
"USA",2020-10-23,NA,142384008,8507125,3375427,224741,41614,NA,8342,326687501,3,2,2,3,1,2,2,3,2,3,1,66.2,"USA","US",840,"USN",1,"United States",NA,NA,38,-97,NA,"United States","US"
"USA",2020-10-24,NA,143517732,8589978,3406656,225683,42087,NA,8675,326687501,3,2,2,3,1,2,2,3,2,3,1,66.2,"USA","US",840,"USN",1,"United States",NA,NA,38,-97,NA,"United States","US"
"USA",2020-10-25,NA,144287983,8652142,3422878,226076,41883,NA,8590,326687501,3,2,2,3,1,2,2,3,2,3,1,66.2,"USA","US",840,"USN",1,"United States",NA,NA,38,-97,NA,"United States","US"
"USA",2020-10-26,NA,145208825,8719288,3460455,226568,42988,NA,8946,326687501,3,2,2,3,1,1,2,3,2,3,1,62.5,"USA","US",840,"USN",1,"United States",NA,NA,38,-97,NA,"United States","US"
"USA",2020-10-27,NA,146501063,8795853,3487666,227531,44391,NA,8985,326687501,3,2,2,3,1,1,2,3,2,3,1,62.5,"USA","US",840,"USN",1,"United States",NA,NA,38,-97,NA,"United States","US"
"USA",2020-10-28,NA,147932338,8874912,3518140,228541,45214,NA,9133,326687501,3,2,2,3,1,1,2,3,2,3,1,62.5,"USA","US",840,"USN",1,"United States",NA,NA,38,-97,NA,"United States","US"
"USA",2020-10-29,NA,149359123,8965601,3554336,229508,46191,NA,9320,326687501,3,2,2,3,1,1,2,3,2,3,1,62.5,"USA","US",840,"USN",1,"United States",NA,NA,38,-97,NA,"United States","US"
"USA",2020-10-30,NA,150831836,9064594,3578452,230539,46880,NA,9550,326687501,3,2,2,3,1,1,2,3,2,3,1,62.5,"USA","US",840,"USN",1,"United States",NA,NA,38,-97,NA,"United States","US"
"USA",2020-10-31,NA,152022075,9154267,3612478,231431,47486,NA,9613,326687501,3,2,2,3,1,1,2,3,2,3,1,62.5,"USA","US",840,"USN",1,"United States",NA,NA,38,-97,NA,"United States","US"
"USA",2020-11-01,NA,152897264,9259021,3630579,231862,47615,NA,9665,326687501,3,2,2,3,1,1,2,3,2,3,1,62.5,"USA","US",840,"USN",1,"United States",NA,NA,38,-97,NA,"United States","US"
"USA",2020-11-02,NA,153879413,9343909,3674981,232408,48750,NA,9957,326687501,3,2,2,3,1,1,2,3,2,3,1,62.5,"USA","US",840,"USN",1,"United States",NA,NA,38,-97,NA,"United States","US"
"USA",2020-11-03,NA,155200025,9470630,3705130,233969,50509,NA,10538,326687501,3,2,2,3,1,1,2,3,2,3,1,62.5,"USA","US",840,"USN",1,"United States",NA,NA,38,-97,NA,"United States","US"
"USA",2020-11-04,NA,156769767,9574753,3743527,235063,52166,NA,10892,326687501,3,2,2,3,1,1,2,3,2,3,1,62.5,"USA","US",840,"USN",1,"United States",NA,NA,38,-97,NA,"United States","US"
"USA",2020-11-05,NA,158400956,9703539,3781751,236203,53380,NA,11050,326687501,3,2,2,3,1,1,2,3,2,3,1,62.5,"USA","US",840,"USN",1,"United States",NA,NA,38,-97,NA,"United States","US"
"USA",2020-11-06,NA,160017418,9831108,3810791,237392,55005,NA,11213,326687501,3,2,2,3,1,1,2,3,2,3,1,62.5,"USA","US",840,"USN",1,"United States",NA,NA,38,-97,NA,"United States","US"
"USA",2020-11-07,NA,161425682,9958367,3851465,238402,56037,NA,11215,326687501,3,2,2,3,1,1,2,3,2,3,1,62.5,"USA","US",840,"USN",1,"United States",NA,NA,38,-97,NA,"United States","US"
"USA",2020-11-08,NA,162403809,10073695,3881491,238897,56942,NA,11223,326687501,3,2,2,3,1,1,2,3,2,3,1,62.5,"USA","US",840,"USN",1,"United States",NA,NA,38,-97,NA,"United States","US"
"USA",2020-11-09,NA,163582246,10193818,3928845,239601,59342,NA,11636,326687501,3,2,2,3,1,1,2,3,2,3,1,65.28,"USA","US",840,"USN",1,"United States",NA,NA,38,-97,NA,"United States","US"
"USA",2020-11-10,NA,165057628,10333769,3961873,240978,62119,NA,12057,326687501,3,2,2,3,1,1,2,3,2,3,1,65.28,"USA","US",840,"USN",1,"United States",NA,NA,38,-97,NA,"United States","US"
"USA",2020-11-11,NA,166767440,10479818,3997175,242398,65549,NA,12626,326687501,3,2,2,3,1,1,2,3,2,3,1,65.28,"USA","US",840,"USN",1,"United States",NA,NA,38,-97,NA,"United States","US"
"USA",2020-11-12,NA,168552628,10643792,4051256,243574,67236,NA,12917,326687501,3,2,2,3,1,1,2,3,2,3,1,65.28,"USA","US",840,"USN",1,"United States",NA,NA,38,-97,NA,"United States","US"
"USA",2020-11-13,NA,170395079,10823622,4095146,244750,68585,NA,13280,326687501,3,2,2,3,1,1,2,3,2,3,1,65.28,"USA","US",840,"USN",1,"United States",NA,NA,38,-97,NA,"United States","US"
"USA",2020-11-14,NA,171959446,10991513,4148444,246012,69588,NA,13491,326687501,3,2,2,3,1,1,2,3,2,3,1,65.28,"USA","US",840,"USN",1,"United States",NA,NA,38,-97,NA,"United States","US"
"USA",2020-11-15,NA,173129293,11127843,4174884,246659,70202,NA,13849,326687501,3,2,2,3,1,1,2,3,2,3,1,65.28,"USA","US",840,"USN",1,"United States",NA,NA,38,-97,NA,"United States","US"
"USA",2020-11-16,NA,174564376,11289623,4244811,247408,73320,NA,14471,326687501,3,3,2,4,1,2,2,3,2,3,1,75.46,"USA","US",840,"USN",1,"United States",NA,NA,38,-97,NA,"United States","US"
"USA",2020-11-17,NA,176390639,11452204,4293640,249089,77047,NA,15009,326687501,3,3,2,4,1,2,2,3,2,3,1,75.46,"USA","US",840,"USN",1,"United States",NA,NA,38,-97,NA,"United States","US"
"USA",2020-11-18,NA,178415525,11624536,4350789,250967,79478,NA,15557,326687501,3,3,2,4,1,2,2,3,2,3,1,75.46,"USA","US",840,"USN",1,"United States",NA,NA,38,-97,NA,"United States","US"
"USA",2020-11-19,NA,180413590,11814862,4410709,252942,80669,NA,15759,326687501,3,3,2,4,1,2,2,3,2,3,1,75.46,"USA","US",840,"USN",1,"United States",NA,NA,38,-97,NA,"United States","US"
"USA",2020-11-20,NA,182481334,12012766,4457930,254827,82318,NA,16146,326687501,3,3,2,4,1,2,2,3,2,3,1,75.46,"USA","US",840,"USN",1,"United States",NA,NA,38,-97,NA,"United States","US"
"USA",2020-11-21,NA,184268343,12191958,4529700,256307,83346,NA,16264,326687501,3,3,2,4,1,2,2,3,2,3,1,75.46,"USA","US",840,"USN",1,"United States",NA,NA,38,-97,NA,"United States","US"
"USA",2020-11-22,NA,185652845,12338526,4526513,257190,83882,NA,16411,326687501,3,3,2,4,1,2,2,3,2,3,1,75.46,"USA","US",840,"USN",1,"United States",NA,NA,38,-97,NA,"United States","US"
"USA",2020-11-23,NA,187274386,12512451,4633600,258140,85945,NA,17060,326687501,3,3,2,4,1,2,2,3,2,3,1,75.46,"USA","US",840,"USN",1,"United States",NA,NA,38,-97,NA,"United States","US"
"USA",2020-11-24,NA,189158109,12686643,4696664,260255,88132,NA,17317,326687501,3,3,2,4,1,2,2,3,2,3,1,75.46,"USA","US",840,"USN",1,"United States",NA,NA,38,-97,NA,"United States","US"
"USA",2020-11-25,NA,191294334,12868889,4835956,262534,90043,NA,17738,326687501,3,3,2,4,1,2,2,3,2,3,1,75.46,"USA","US",840,"USN",1,"United States",NA,NA,38,-97,NA,"United States","US"
"USA",2020-11-26,NA,192758013,12981613,4871203,263768,90564,NA,18019,326687501,3,3,2,4,1,2,2,3,2,3,1,75.46,"USA","US",840,"USN",1,"United States",NA,NA,38,-97,NA,"United States","US"
"USA",2020-11-27,NA,194218789,13188927,4947446,265196,89913,NA,18056,326687501,3,3,2,4,1,2,2,3,2,3,1,75.46,"USA","US",840,"USN",1,"United States",NA,NA,38,-97,NA,"United States","US"
"USA",2020-11-28,NA,195518067,13344793,5023063,266428,91762,NA,18249,326687501,3,3,2,4,1,2,2,3,2,3,1,75.46,"USA","US",840,"USN",1,"United States",NA,NA,38,-97,NA,"United States","US"
"USA",2020-11-29,NA,196649554,13484991,5065030,267270,93357,NA,18437,326687501,3,3,2,4,1,2,2,3,2,3,1,75.46,"USA","US",840,"USN",1,"United States",NA,NA,38,-97,NA,"United States","US"
"USA",2020-11-30,NA,198069720,13643626,5146319,268469,96134,NA,18807,326687501,3,3,2,4,1,2,2,3,2,3,1,75.46,"USA","US",840,"USN",1,"United States",NA,NA,38,-97,NA,"United States","US"
"USA",2020-12-01,NA,199848884,13829706,5226581,271030,98736,NA,19292,326687501,3,3,2,4,1,2,2,3,2,3,1,75.46,"USA","US",840,"USN",1,"United States",NA,NA,38,-97,NA,"United States","US"
"USA",2020-12-02,NA,201884581,14030393,5322128,273814,100327,NA,19687,326687501,3,2,2,4,1,2,2,3,2,3,1,71.76,"USA","US",840,"USN",1,"United States",NA,NA,38,-97,NA,"United States","US"
"USA",2020-12-03,NA,203996816,14251293,5404018,276663,100746,NA,19714,326687501,3,2,2,4,1,2,2,3,2,3,1,71.76,"USA","US",840,"USN",1,"United States",NA,NA,38,-97,NA,"United States","US"
"USA",2020-12-04,NA,206063671,14481941,5470389,279276,101309,NA,19853,326687501,3,2,2,4,1,2,2,3,2,3,1,71.76,"USA","US",840,"USN",1,"United States",NA,NA,38,-97,NA,"United States","US"
"USA",2020-12-05,NA,207720094,14696923,5576026,281478,101192,NA,19947,326687501,3,2,2,4,1,2,2,3,2,3,1,71.76,"USA","US",840,"USN",1,"United States",NA,NA,38,-97,NA,"United States","US"
"USA",2020-12-06,NA,208999951,14878545,5624444,282603,101501,NA,20145,326687501,3,2,2,4,1,2,2,3,2,3,1,71.76,"USA","US",840,"USN",1,"United States",NA,NA,38,-97,NA,"United States","US"
"USA",2020-12-07,NA,210502643,15071802,5714557,284058,102122,NA,20097,326687501,3,2,2,4,1,2,2,3,2,3,1,71.76,"USA","US",840,"USN",1,"United States",NA,NA,38,-97,NA,"United States","US"
"USA",2020-12-08,NA,212358107,15293935,5786915,286608,104637,NA,20475,326687501,3,2,2,4,1,2,2,3,2,3,1,71.76,"USA","US",840,"USN",1,"United States",NA,NA,38,-97,NA,"United States","US"
"USA",2020-12-09,NA,214429262,15514610,5889896,289663,106671,NA,20903,326687501,3,2,2,4,1,2,2,3,2,3,1,71.76,"USA","US",840,"USN",1,"United States",NA,NA,38,-97,NA,"United States","US"
"USA",2020-12-10,NA,216552145,15743375,5985047,292549,107300,NA,21024,326687501,3,2,2,4,1,2,2,3,2,3,1,71.76,"USA","US",840,"USN",1,"United States",NA,NA,38,-97,NA,"United States","US"
"USA",2020-12-11,NA,218557893,15981410,6135314,295861,108101,NA,21012,326687501,3,2,2,4,1,2,2,3,2,3,1,71.76,"USA","US",840,"USN",1,"United States",NA,NA,38,-97,NA,"United States","US"
"USA",2020-12-12,NA,220247891,16197866,6246605,298157,108461,NA,21198,326687501,3,2,2,4,1,2,2,3,2,3,1,71.76,"USA","US",840,"USN",1,"United States",NA,NA,38,-97,NA,"United States","US"
"USA",2020-12-13,NA,221475331,16386740,6298082,299536,109298,NA,21230,326687501,3,2,2,4,1,2,2,3,2,3,1,71.76,"USA","US",840,"USN",1,"United States",NA,NA,38,-97,NA,"United States","US"
"USA",2020-12-14,NA,222961763,16578808,NA,301021,110573,NA,21458,326687501,3,2,2,4,1,2,2,3,2,3,1,71.76,"USA","US",840,"USN",1,"United States",NA,NA,38,-97,NA,"United States","US"
"USA",2020-12-15,NA,224866164,16786215,NA,304083,112816,NA,21897,326687501,3,2,2,4,1,2,2,3,2,3,1,71.76,"USA","US",840,"USN",1,"United States",NA,NA,38,-97,NA,"United States","US"
"USA",2020-12-16,NA,226875799,17031998,NA,307755,113257,NA,21943,326687501,3,2,2,4,1,2,2,3,2,3,1,71.76,"USA","US",840,"USN",1,"United States",NA,NA,38,-97,NA,"United States","US"
"USA",2020-12-17,NA,228860428,17269221,NA,311101,114492,NA,21912,326687501,3,2,2,4,1,2,2,3,2,3,1,71.76,"USA","US",840,"USN",1,"United States",NA,NA,38,-97,NA,"United States","US"
"USA",2020-12-18,NA,230815832,17519438,NA,313896,113955,NA,21745,326687501,3,2,2,4,1,2,2,3,2,3,1,71.76,"USA","US",840,"USN",1,"United States",NA,NA,38,-97,NA,"United States","US"
"USA",2020-12-19,NA,232473806,17711966,NA,316382,113914,NA,21692,326687501,3,2,2,4,1,2,2,3,2,3,1,71.76,"USA","US",840,"USN",1,"United States",NA,NA,38,-97,NA,"United States","US"
"USA",2020-12-20,556208,233718121,17901710,NA,317877,113601,NA,21763,326687501,3,2,2,4,1,2,2,3,2,3,1,71.76,"USA","US",840,"USN",1,"United States",NA,NA,38,-97,NA,"United States","US"
"USA",2020-12-21,614117,235181780,18099583,NA,319664,115358,NA,21884,326687501,3,2,2,4,1,2,2,3,2,3,1,71.76,"USA","US",840,"USN",1,"United States",NA,NA,38,-97,NA,"United States","US"
"USA",2020-12-22,NA,237088158,18294616,NA,323037,117777,NA,22213,326687501,3,2,2,4,1,2,2,3,2,3,1,71.76,"USA","US",840,"USN",1,"United States",NA,NA,38,-97,NA,"United States","US"
"USA",2020-12-23,1008025,239260607,18523876,NA,326391,119463,NA,22489,326687501,3,2,2,4,1,2,2,3,2,3,1,71.76,"USA","US",840,"USN",1,"United States",NA,NA,38,-97,NA,"United States","US"
"USA",2020-12-24,NA,241078252,18718058,NA,329258,120200,NA,22623,326687501,3,2,2,4,1,2,2,3,2,3,1,71.76,"USA","US",840,"USN",1,"United States",NA,NA,38,-97,NA,"United States","US"
"USA",2020-12-25,NA,242136547,18819680,NA,330434,118948,NA,22418,326687501,3,2,2,4,1,2,2,3,2,3,1,71.76,"USA","US",840,"USN",1,"United States",NA,NA,38,-97,NA,"United States","US"
"USA",2020-12-26,1944585,243101746,19044441,NA,332075,117344,NA,22373,326687501,3,2,2,4,1,2,2,3,2,3,1,71.76,"USA","US",840,"USN",1,"United States",NA,NA,38,-97,NA,"United States","US"
"USA",2020-12-27,NA,244025183,19201367,NA,333289,118720,NA,22447,326687501,3,2,2,4,1,2,2,3,2,3,1,71.76,"USA","US",840,"USN",1,"United States",NA,NA,38,-97,NA,"United States","US"
"USA",2020-12-28,2127143,245259537,19372675,NA,335130,121202,NA,22579,326687501,3,2,2,4,1,2,2,3,2,3,1,71.76,"USA","US",840,"USN",1,"United States",NA,NA,38,-97,NA,"United States","US"
"USA",2020-12-29,NA,247045504,19568849,NA,338793,124686,NA,22838,326687501,3,2,2,4,1,2,2,3,2,3,1,71.76,"USA","US",840,"USN",1,"United States",NA,NA,38,-97,NA,"United States","US"
"USA",2020-12-30,2794588,249173065,19800565,NA,342542,125220,NA,23069,326687501,3,2,2,4,1,2,2,3,2,3,1,71.76,"USA","US",840,"USN",1,"United States",NA,NA,38,-97,NA,"United States","US"
"USA",2020-12-31,NA,251033129,20032035,NA,345955,125423,NA,23097,326687501,3,2,2,4,1,2,2,3,2,3,1,71.76,"USA","US",840,"USN",1,"United States",NA,NA,38,-97,NA,"United States","US"
